MOF,Isotherm,Adsorbate,Temperature,OriginalUnits,Conv,DOI,Year,PoreVolIsot
CuBTC,10.1016j.micromeso.2014.03.004.isotherm2,Nitrogen,77,cm3(STP)/g,0.045,10.1016/j.micromeso.2014.03.004,2014,0.169
CuBTC,10.1016s2095-4956(14)60171-6.isotherm2,Nitrogen,77,cm3(STP)/g,0.045,10.1016/S2095-4956(14)60171-6,2014,0.224
CuBTC,10.1016j.memsci.2010.07.005.isotherm1,Nitrogen,77,cm3(STP)/g,0.045,10.1016/j.memsci.2010.07.005,2010,0.291
CuBTC,10.1016j.micromeso.2011.02.003.isotherm5,Nitrogen,77,cm3(STP)/g,0.045,10.1016/j.micromeso.2011.02.003,2011,0.301
CuBTC,10.1039c2jm15596f.isotherm2,Nitrogen,77,cm3(STP)/g,0.045,10.1039/C2jm15596f,2012,0.322
CuBTC,10.1021cm503640c.isotherm2,Argon,87,cm3(STP)/g,,10.1021/cm503640c,2015,0.35
CuBTC,10.1002ejic.201000494.isotherm2,Nitrogen,77,cm3(STP)/g,0.045,10.1002/ejic.201000494,2010,0.356
CuBTC,10.1016j.cattod.2011.03.017.isotherm1,Nitrogen,77,cm3(STP)/g,0.045,10.1016/j.cattod.2011.03.017,2011,0.378
CuBTC,10.1016j.jssc.2005.07.002.isotherm5,Argon,87,cm3(STP)/g,,10.1016/j.jssc.2005.07.002,2005,0.386
CuBTC,10.1021ja807357r.isotherm1,Nitrogen,77,cm3(STP)/g,0.045,10.1021/Ja807357r,2009,0.395
CuBTC,10.1021jacs.6b10768.isotherm2,Nitrogen,77,cm3(STP)/g,0.045,10.1021/jacs.6b10768,2017,0.4
CuBTC,10.1039c2cc34416e.isotherm1,Nitrogen,77,cm3(STP)/g,0.045,10.1039/C2cc34416e,2012,0.403
CuBTC,10.1016s2095-4956(14)60173-x.isotherm1,Nitrogen,77,cm3(STP)/g,0.045,10.1016/S2095-4956(14)60173-X,2014,0.417
CuBTC,10.1021jp506335x.isotherm1,Nitrogen,77,cm3(STP)/g,0.045,10.1021/Jp506335x,2014,0.421
CuBTC,10.1039c3ra40817e.isotherm1,Nitrogen,77,cm3(STP)/g,0.045,10.1039/C3ra40817e,2013,0.428
CuBTC,10.1021ie300553k.isotherm3,Nitrogen,77,cm3(STP)/g,0.045,10.1021/Ie300553k,2012,0.44
CuBTC,10.1039c4ta02568g.isotherm1,Nitrogen,77,cm3(STP)/g,0.045,10.1039/C4ta02568g,2014,0.44
CuBTC,10.1039c4ta02568g.isotherm2,Nitrogen,77,cm3(STP)/g,0.045,10.1039/C4ta02568g,2014,0.44
CuBTC,10.1039b921558a.isotherm1,Nitrogen,77,cm3(STP)/g,0.045,10.1039/B921558a,2010,0.446
CuBTC,10.1016j.carbon.2010.09.059.isotherm4,Nitrogen,77,cm3(STP)/g,0.045,10.1016/j.carbon.2010.09.059,2011,0.458
CuBTC,10.1007s10450-010-9267-5.isotherm3,Nitrogen,77,cm3(STP)/g,0.045,10.1007/s10450-010-9267-5,2010,0.461
CuBTC,10.1007s1093401498917.isotherm1,Nitrogen,77,cm3(STP)/g,0.045,10.1007/s10934-014-9891-7,2014,0.461
CuBTC,10.1007s10973-013-3497-1.isotherm1,Nitrogen,77,cm3(STP)/g,0.045,10.1007/s10973-013-3497-1,2013,0.466
CuBTC,10.1016j.molcata.2015.01.014.isotherm1,Nitrogen,77,ml/g,0.045,10.1016/j.molcata.2015.01.014,2015,0.473
CuBTC,10.5012bkcs.2009.30.12.2921.isotherm1,Nitrogen,77,cm3(STP)/g,0.045,10.5012/bkcs.2009.30.12.2921,2009,0.474
CuBTC,10.1039c5nj00618j.isotherm2,Nitrogen,77,ml/g,0.045,10.1039/c5nj00618j,2015,0.475
CuBTC,10.1016j.micromeso.2011.06.024.isotherm32,Nitrogen,77,cm3(STP)/g,0.045,10.1016/j.micromeso.2011.06.024,2012,0.486
CuBTC,10.1016j.jcis.2012.06.040.isotherm5,Nitrogen,77,mmol/g,1.0,10.1016/j.jcis.2012.06.040,2012,0.491
CuBTC,10.1002adma.201400428.isotherm2,Nitrogen,77,cm3(STP)/g,0.045,10.1002/adma.201400428,2014,0.499
CuBTC,10.1021la2017424.isotherm2,Nitrogen,77,cm3(STP)/g,0.045,10.1021/La2017424,2011,0.5
CuBTC,10.1039c5ta01359c.isotherm6,Nitrogen,77,cm3(STP)/g,0.045,10.1039/c5ta01359c,2015,0.505
CuBTC,10.1039c5ra02440d.isotherm4,Nitrogen,77,cm3(STP)/g,0.045,10.1039/c5ra02440d,2015,0.518
CuBTC,10.1016j.jallcom.2015.07.065.isotherm2,Nitrogen,77,cm3(STP)/g,0.045,10.1016/j.jallcom.2015.07.065,2015,0.532
CuBTC,10.1039c5cc02809d.isotherm1,Nitrogen,77,cm3(STP)/g,0.045,10.1039/c5cc02809d,2015,0.538
CuBTC,10.1021acs.iecr.5b00458.isotherm1,Nitrogen,77,cm3(STP)/g,0.045,10.1021/acs.iecr.5b00458,2015,0.541
CuBTC,10.1021ja8007159.isotherm2,Nitrogen,77,cm3(STP)/g,0.045,10.1021/Ja8007159,2008,0.545
CuBTC,10.1021acsami.6b00608.isotherm3,Nitrogen,77,cm3(STP)/g,0.045,10.1021/acsami.6b00608,2016,0.55
CuBTC,10.1039c2cc34782b.isotherm1,Nitrogen,77,cm3(STP)/g,0.045,10.1039/C2cc34782b,2012,0.566
CuBTC,10.1021ie400329c.isotherm1,Nitrogen,77,cm3(STP)/g,0.045,10.1021/Ie400329c,2013,0.589
CuBTC,10.1021acs.iecr.7b03008.isotherm1,Nitrogen,77,cm3(STP)/g,0.045,10.1021/acs.iecr.7b03008,2017,0.63
CuBTC,10.1021jp902736z.isotherm1,Nitrogen,77,cm3(STP)/g,0.045,10.1021/Jp902736z,2009,0.63
CuBTC,10.1002chem.201201574.isotherm1,Nitrogen,77,cm3(STP)/g,0.045,10.1002/chem.201201574,2012,0.632
CuBTC,10.1002anie.201402950.isotherm2,Nitrogen,77,cm3(STP)/g,0.045,10.1002/anie.201402950,2014,0.635
CuBTC,10.1021ja2042113.isotherm8,Nitrogen,77,mmol/g,1.0,10.1021/Ja2042113,2011,0.64
CuBTC,10.1021ja509960n.isotherm10,Nitrogen,77,cm3(STP)/g,0.045,10.1021/Ja509960n,2014,0.648
CuBTC,10.1021jp207411b.isotherm1,Nitrogen,77,cm3(STP)/g,0.045,10.1021/Jp207411b,2012,0.662
CuBTC,10.1016j.poly.2009.04.025.isotherm1,Nitrogen,77,ml/g,0.045,10.1016/j.poly.2009.04.025,2009,0.665
CuBTC,10.1016j.micromeso.2011.12.053.isotherm3,Nitrogen,77,cm3(STP)/g,0.045,10.1016/j.micromeso.2011.12.053,2012,0.667
CuBTC,10.1021nn5027092.isotherm1,Nitrogen,77,cm3(STP)/g,0.045,10.1021/Nn5027092,2014,0.67
CuBTC,10.1016j.talanta.2015.02.032.isotherm1,Nitrogen,77,cm3(STP)/g,0.045,10.1016/j.talanta.2015.02.032,2015,0.675
CuBTC,10.1039c0ce00486c.isotherm3,Nitrogen,77,cm3(STP)/g,0.045,10.1039/C0ce00486c,2010,0.675
CuBTC,10.1039c5ce00938c.isotherm1,Nitrogen,77,cm3(STP)/g,0.045,10.1039/c5ce00938c,2015,0.692
CuBTC,10.1002adem.201000246.isotherm1,Nitrogen,77,cm3(STP)/g,0.045,10.1002/adem.201000246,2010,0.705
CuBTC,10.1016j.catcom.2013.04.019.isotherm1,Nitrogen,77,cm3(STP)/g,0.045,10.1016/j.catcom.2013.04.019,2013,0.712
CuBTC,10.1016j.jhazmat.2011.08.069.isotherm1,Nitrogen,77,cm3(STP)/g,0.045,10.1016/j.jhazmat.2011.08.069,2011,0.716
CuBTC,10.1016j.micromeso.2008.11.020.isotherm7,Nitrogen,77,cm3(STP)/g,0.045,10.1016/j.micromeso.2008.11.020,2009,0.717
CuBTC,10.1016j.micromeso.2013.02.025.isotherm1,Nitrogen,77,cm3(STP)/g,0.045,10.1016/j.micromeso.2013.02.025,2013,0.721
CuBTC,10.1021acs.iecr.6b00774.isotherm1,Nitrogen,77,cm3(STP)/g,0.045,10.1021/acs.iecr.6b00774,2016,0.722
CuBTC,10.1021ie502489q.isotherm14,Nitrogen,77,cm3(STP)/g,0.045,10.1021/Ie502489q,2014,0.727
CuBTC,10.1016j.jcat.2014.07.010.isotherm15,Nitrogen,77,cm3(STP)/g,0.045,10.1016/j.jcat.2014.07.010,2014,0.729
CuBTC,10.1016j.ces.2010.02.005.isotherm1,Nitrogen,77,mmol/g,1.0,10.1016/j.ces.2010.02.005,2010,0.736
CuBTC,10.1039c2jm16770k.isotherm1,Nitrogen,77,mmol/g,1.0,10.1039/c2jm16770k,2012,0.741
CuBTC,10.1021ic500722n.isotherm6,Nitrogen,77,cm3(STP)/g,0.045,10.1021/Ic500722n,2014,0.743
CuBTC,10.1002adma.201203664.isotherm3,Nitrogen,77,cm3(STP)/g,0.045,10.1002/adma.201203664,2012,0.748
CuBTC,10.1021jz101665x.isotherm1,Nitrogen,77,cm3(STP)/g,0.045,10.1021/Jz101665x,2011,0.748
CuBTC,10.1021cm1012119.isotherm1,Nitrogen,77,cm3(STP)/g,0.045,10.1021/Cm1012119,2010,0.749
CuBTC,10.1021ef800938e.isotherm1,Nitrogen,77,ml/g,0.045,10.1021/Ef800938e,2009,0.749
CuBTC,10.1002app.42764.isotherm1,Nitrogen,77,cm3(STP)/g,0.045,10.1002/app.42764,2015,0.75
CuBTC,10.1002anie.201504572.isotherm1,Nitrogen,77,cm3(STP)/g,0.045,10.1002/anie.201504572,2015,0.759
CuBTC,10.1021cg401304x.isotherm1,Nitrogen,77,cm3(STP)/g,0.045,10.1021/Cg401304x,2013,0.76
CuBTC,10.1002adma.201403827.isotherm1,Nitrogen,77,cm3(STP)/g,0.045,10.1002/adma.201403827,2014,0.764
CuBTC,10.1039c2jm31536j.isotherm2,Nitrogen,77,cm3(STP)/g,0.045,10.1039/C2jm31536j,2012,0.765
CuBTC,10.1039c2cc34493a.isotherm1,Nitrogen,77,cm3(STP)/g,0.045,10.1039/C2cc34493a,2012,0.793
CuBTC,10.1016j.micromeso.2008.10.035.isotherm1,Nitrogen,77,cm3(STP)/g,0.045,10.1016/j.micromeso.2008.10.035,2009,0.806
CuBTC,10.1007s10934-013-9692-4.isotherm1,Nitrogen,77,cm3(STP)/g,0.045,10.1007/s10934-013-9692-4,2013,0.815
CuBTC,10.1039c3ra40726h.isotherm1,Nitrogen,77,cm3(STP)/g,0.045,10.1039/C3ra40726h,2013,0.849
CuBTC,10.1016j.micromeso.2012.06.011.isotherm1,Nitrogen,77,cm3(STP)/g,0.045,10.1016/j.micromeso.2012.06.011,2012,0.857
CuBTC,10.1039c5ra23888a.isotherm1,Nitrogen,77,cm3(STP)/g,0.045,10.1039/c5ra23888a,2016,0.978
CuBTC,10.1016j.cattod.2012.03.034.isotherm1,Nitrogen,77,mmol/g,1.0,10.1016/j.cattod.2012.03.034,2012,11.344
IRMOF-1,10.1016j.snb.2014.05.051.isotherm1,Nitrogen,77,cm3(STP)/g,0.045,10.1016/j.snb.2014.05.051,2014,0.131
IRMOF-1,10.1007s1093401599976.isotherm1,Nitrogen,77,cm3(STP)/g,0.045,10.1007/s10934-015-9997-6,2015,0.138
IRMOF-1,10.1007s10562-012-0767-7.isotherm1,Nitrogen,77,cm3(STP)/g,0.045,10.1007/s10562-012-0767-7,2012,0.182
IRMOF-1,10.1021am3013104.isotherm2,Nitrogen,77,cm3(STP)/g,0.045,10.1021/Am3013104,2012,0.269
IRMOF-1,10.1021ja8007159.isotherm1-1,Nitrogen,77,cm3(STP)/g,0.045,10.1021/Ja8007159,2008,0.271
IRMOF-1,10.1016j.talanta.2015.02.032.isotherm3,Nitrogen,77,cm3(STP)/g,0.045,10.1016/j.talanta.2015.02.032,2015,0.275
IRMOF-1,10.1016s2095-4956(14)60171-6.isotherm1,Nitrogen,77,cm3(STP)/g,0.045,10.1016/S2095-4956(14)60171-6,2014,0.293
IRMOF-1,10.1016j.enconman.2009.01.014.isotherm1,Nitrogen,77,cm3(STP)/g,0.045,10.1016/j.enconman.2009.01.014,2009,0.303
IRMOF-1,10.1016j.ijhydene.2010.04.066.isotherm3,Nitrogen,77,cm3(STP)/g,0.045,10.1016/j.ijhydene.2010.04.066,2010,0.321
IRMOF-1,10.1016j.tca.2014.04.016.isotherm2,Nitrogen,77,cm3(STP)/g,0.045,10.1016/j.tca.2014.04.016,2014,0.322
IRMOF-1,10.1016j.powtec.2013.07.034.isotherm1,Nitrogen,77,cm3(STP)/g,0.045,10.1016/j.powtec.2013.07.034,2013,0.354
IRMOF-1,10.1021ja105089w.isotherm2,Nitrogen,77,cm3(STP)/g,0.045,10.1021/Ja105089w,2010,0.364
IRMOF-1,10.1016j.ijhydene.2008.11.048.isotherm1,Nitrogen,77,cm3(STP)/g,0.045,10.1016/j.ijhydene.2008.11.048,2009,0.378
IRMOF-1,10.1016j.molliq.2015.02.009.isotherm1,Nitrogen,77,cm3(STP)/g,0.045,10.1016/j.molliq.2015.02.009,2015,0.399
IRMOF-1,10.1007s10450-010-9267-5.isotherm4,Nitrogen,77,cm3(STP)/g,0.045,10.1007/s10450-010-9267-5,2010,0.401
IRMOF-1,10.1039b908862h.isotherm1,Nitrogen,77,cm3(STP)/g,0.045,10.1039/B908862h,2009,0.403
IRMOF-1,10.1002adma.200901581.isotherm1,Nitrogen,77,cm3(STP)/g,0.045,10.1002/adma.200901581,2009,0.407
IRMOF-1,10.1016j.jhazmat.2010.11.019.isotherm8,Nitrogen,77,cm3(STP)/g,0.045,10.1016/j.jhazmat.2010.11.019,2011,0.414
IRMOF-1,10.1021ie300553k.isotherm2,Nitrogen,77,cm3(STP)/g,0.045,10.1021/Ie300553k,2012,0.52
IRMOF-1,10.1007s10934-009-9268-5.isotherm1,Nitrogen,77,cm3(STP)/g,0.045,10.1007/s10934-009-9268-5,2009,0.689
IRMOF-1,10.1016j.ijhydene.2011.03.038.isotherm1,Nitrogen,77,cm3(STP)/g,0.045,10.1016/j.ijhydene.2011.03.038,2011,0.79
IRMOF-1,10.1021cm803502y.isotherm8,Nitrogen,77,mmol/g,1.0,10.1021/Cm803502y,2009,0.792
IRMOF-1,10.1002ejic.201201009.isotherm1,Nitrogen,77,cm3(STP)/g,0.045,10.1002/ejic.201201009,2013,0.813
IRMOF-1,10.1007s11090-011-9290-7.isotherm1,Nitrogen,77,cm3(STP)/g,0.045,10.1007/s11090-011-9290-7,2011,0.876
IRMOF-1,10.1021ef3020662.isotherm1,Nitrogen,77,mmol/g,1.0,10.1021/Ef3020662,2013,0.921
IRMOF-1,10.1021jp911043r.isotherm1,Nitrogen,77,cm3(STP)/g,0.045,10.1021/Jp911043r,2010,1.05
IRMOF-1,10.1021jp203607s.isotherm5,Nitrogen,77,cm3(STP)/g,0.045,10.1021/Jp203607s,2011,1.057
IRMOF-1,10.1021cg101130m.isotherm1,Nitrogen,77,cm3(STP)/g,0.045,10.1021/Cg101130m,2011,1.223
IRMOF-1,10.1021ja509960n.isotherm8,Nitrogen,77,cm3(STP)/g,0.045,10.1021/Ja509960n,2014,1.24
IRMOF-1,10.1021ja204818q.isotherm1,Nitrogen,77,cm3(STP)/g,0.045,10.1021/Ja204818q,2011,1.253
IRMOF-1,10.1039b706432b.isotherm1,Nitrogen,77,cm3(STP)/g,0.045,10.1039/B706432b,2007,1.254
IRMOF-1,10.1016j.micromeso.2014.09.025.isotherm1,Nitrogen,77,cm3(STP)/g,0.045,10.1016/j.micromeso.2014.09.025,2015,1.284
IRMOF-1,10.1021cm502399q.isotherm4,Nitrogen,77,cm3(STP)/g,0.045,10.1021/Cm502399q,2014,1.327
IRMOF-1,10.1016j.ijhydene.2011.11.023.isotherm3,Nitrogen,77,cm3(STP)/g,0.045,10.1016/j.ijhydene.2011.11.023,2012,1.351
IRMOF-1,10.1016j.ijhydene.2011.12.163.isotherm1,Nitrogen,77,cm3(STP)/g,0.045,10.1016/j.ijhydene.2011.12.163,2012,1.426
IRMOF-1,10.1021cm202554j.isotherm2,Nitrogen,77,cm3(STP)/g,0.045,10.1021/Cm202554j,2012,1.438
IRMOF-1,10.1007s40195-013-0105-0.isotherm1,Nitrogen,77,ml/g,0.045,10.1007/s40195-013-0105-0,2013,1.493
IRMOF-1,10.1039c2cc38366g.isotherm3,Nitrogen,77,cm3(STP)/g,0.045,10.1039/C2cc38366g,2013,1.535
IRMOF-1,10.1002chem.201001700.isotherm1,Nitrogen,77,cm3(STP)/g,0.045,10.1002/chem.201001700,2010,1.556
IRMOF-1,10.1021ja0752336.isotherm1,Nitrogen,77,cm3(STP)/g,0.045,10.1021/Ja0752336,2007,1.677
MIL-53(Al),10.1016j.matlet.2012.02.056.isotherm1,Nitrogen,77,cm3(STP)/g,0.045,10.1016/j.matlet.2012.02.056,2012,0.214
MIL-53(Al),10.1021ie400380w.isotherm2,Nitrogen,77,mmol/g,1.0,10.1021/ie400380w,2013,0.272
MIL-53(Al),10.1039c5ta04154f.isotherm1,Nitrogen,77,cm3(STP)/g,0.045,10.1039/c5ta04154f,2015,0.325
MIL-53(Al),10.1016j.micromeso.2015.07.013.isotherm1,Nitrogen,77,mmol/g,1.0,10.1016/j.micromeso.2015.07.013,2015,0.34
MIL-53(Al),10.1016j.jcat.2013.12.013.isotherm4,Nitrogen,77,mmol/g,1.0,10.1016/j.jcat.2013.12.013,2014,0.351
MIL-53(Al),10.1016j.micromeso.2010.07.024.isotherm4,Nitrogen,77,cm3(STP)/g,0.045,10.1016/j.micromeso.2010.07.024,2011,0.429
MIL-53(Al),10.1039c4gc00313f.isotherm1,Nitrogen,77,cm3(STP)/g,0.045,10.1039/C4gc00313f,2014,0.434
MIL-53(Al),10.1039c4ra07030e.isotherm1,Nitrogen,77,cm3(STP)/g,0.045,10.1039/C4ra07030e,2014,0.434
MIL-53(Al),10.1039c4gc01861c.isotherm1,Nitrogen,77,cm3(STP)/g,0.045,10.1039/c4gc01861c,2015,0.463
MIL-53(Al),10.1039b927113a.isotherm2,Nitrogen,77,cm3(STP)/g,0.045,10.1039/B927113a,2010,0.489
MIL-53(Al),10.1002cplu.201100021.isotherm1,Nitrogen,77,cm3(STP)/g,0.045,10.1002/cplu.201100021,2012,0.491
MIL-53(Al),10.1039c2jm15966j.isotherm1,Nitrogen,77,cm3(STP)/g,0.045,10.1039/C2jm15966j,2012,0.494
MIL-53(Al),10.1039c0cc04759g.isotherm2,Nitrogen,77,cm3(STP)/g,0.045,10.1039/C0cc04759g,2011,0.509
MIL-53(Al),10.1002chem.200902036.isotherm1,Nitrogen,77,cm3(STP)/g,0.045,10.1002/chem.200902036,2009,0.523
MIL-53(Al),10.1016j.jcat.2011.04.015.isotherm1,Nitrogen,77,cm3(STP)/g,0.045,10.1016/j.jcat.2011.04.015,2011,0.529
MIL-53(Al),10.1007s10934-012-9612-z.isotherm1,Nitrogen,77,cm3(STP)/g,0.045,10.1007/s10934-012-9612-z,2012,0.531
MIL-53(Al),10.1021ic201219g.isotherm1,Nitrogen,77,cm3(STP)/g,0.045,10.1021/Ic201219g,2011,0.545
MIL-53(Al),10.1021ie3004336.isotherm1,Nitrogen,77,cm3(STP)/g,0.045,10.1021/Ie3004336,2012,0.547
MIL-53(Al),10.1039b822163d.isotherm1,Nitrogen,77,cm3(STP)/g,0.045,10.1039/B822163d,2009,0.577
MIL-53(Al),10.1021ie5006146.isotherm1,Nitrogen,77,cm3(STP)/g,0.045,10.1021/Ie5006146,2014,0.613
MIL-53(Al),10.1007s1117201509738.isotherm1,Nitrogen,77,cm3(STP)/g,0.045,10.1007/s11172-015-0973-8,2015,0.624
MIL-53(Al),10.1021ie300553k.isotherm1,Nitrogen,77,cm3(STP)/g,0.045,10.1021/Ie300553k,2012,0.624
MOF-74-Ni,10.1002cctc.201402927.isotherm6,Nitrogen,77,cm3(STP)/g,0.045,10.1002/cctc.201402927,2015,0.232
MOF-74-Ni,10.1021cg500190h.isotherm9,Nitrogen,77,cm3(STP)/g,0.045,10.1021/Cg500190h,2014,0.279
MOF-74-Ni,10.1021acs.inorgchem.5b01278.isotherm2,Nitrogen,77,cm3(STP)/g,0.045,10.1021/acs.inorgchem.5b01278,2015,0.303
MOF-74-Ni,10.1016j.ces.2010.10.002.isotherm3,Nitrogen,77,cm3(STP)/g,0.045,10.1016/j.ces.2010.10.002,2011,0.313
MOF-74-Ni,10.1007s10934-010-9378-0.isotherm1,Nitrogen,77,cm3(STP)/g,0.045,10.1007/s10934-010-9378-0,2010,0.38
MOF-74-Ni,10.1039c3ce41289j.isotherm1,Nitrogen,77,mmol/g,1.0,10.1039/C3ce41289j,2013,0.387
MOF-74-Ni,10.1021ja8007159.isotherm3,Nitrogen,77,cm3(STP)/g,0.045,10.1021/Ja8007159,2008,0.467
MOF-74-Ni,10.1039c2cc34493a.isotherm3,Nitrogen,77,cm3(STP)/g,0.045,10.1039/C2cc34493a,2012,0.472
MOF-74-Ni,10.1039c5ce00848d.isotherm1,Nitrogen,77,cm3(STP)/g,0.045,10.1039/c5ce00848d,2015,0.475
MOF-74-Ni,10.1021jp300961j.isotherm1,Nitrogen,77,cm3(STP)/g,0.045,10.1021/Jp300961j,2012,0.487
MOF-74-Ni,10.1016j.micromeso.2012.07.008.isotherm1,Nitrogen,77,cm3(STP)/g,0.045,10.1016/j.micromeso.2012.07.008,2012,0.503
Mg-MOF-74,10.1002ejic.200701284.isotherm1,Nitrogen,77,mg/g,0.036,10.1002/ejic.200701284,2008,0.363
Mg-MOF-74,10.1016j.poly.2015.01.031.isotherm2,Nitrogen,77,cm3(STP)/g,0.045,10.1016/j.poly.2015.01.031,2015,0.475
Mg-MOF-74,10.1039c5dt03137k.isotherm13,Nitrogen,77,mmol/g,1.0,10.1039/c5dt03137k,2015,0.534
Mg-MOF-74,10.1016j.ces.2010.10.002.isotherm1,Nitrogen,77,cm3(STP)/g,0.045,10.1016/j.ces.2010.10.002,2011,0.557
Mg-MOF-74,10.1016j.micromeso.2014.02.028.isotherm1,Nitrogen,77,cm3(STP)/g,0.045,10.1016/j.micromeso.2014.02.028,2014,0.627
Mg-MOF-74,10.1021cg500190h.isotherm2,Nitrogen,77,cm3(STP)/g,0.045,10.1021/Cg500190h,2014,0.646
Mg-MOF-74,10.10631.4902816.isotherm3,Nitrogen,77,ml/g,0.045,10.1063/1.4902816,2014,0.701
UiO-66,10.1016j.comptc.2015.03.007.isotherm4,Nitrogen,77,g/g,35.689,10.1016/j.comptc.2015.03.007,2015,0.018
UiO-66,10.1038srep16613.isotherm1,Nitrogen,77,cm3(STP)/g,0.045,10.1038/srep16613,2015,0.235
UiO-66,10.1002cplu.201402430.isotherm1,Nitrogen,77,cm3(STP)/g,0.045,10.1002/cplu.201402430,2015,0.348
UiO-66,10.1002chem.201300326.isotherm1,Nitrogen,77,mmol/g,1.0,10.1002/chem.201300326,2013,0.361
UiO-66,10.1021acs.inorgchem.5b00435.isotherm3,Nitrogen,77,cm3(STP)/g,0.045,10.1021/acs.inorgchem.5b00435,2015,0.371
UiO-66,10.1016j.jiec.2014.12.021.isotherm15,Nitrogen,77,cm3(STP)/g,0.045,10.1016/j.jiec.2014.12.021,2015,0.393
UiO-66,10.1039c4ra12263a.isotherm1,Nitrogen,77,cm3(STP)/g,0.045,10.1039/c4ra12263a,2015,0.434
UiO-66,10.1016j.micromeso.2015.02.035.isotherm1,Nitrogen,77,cm3(STP)/g,0.045,10.1016/j.micromeso.2015.02.035,2015,0.454
UiO-66,10.1007s109340150067x.isotherm1,Nitrogen,77,cm3(STP)/g,0.045,10.1007/s10934-015-0067-x,2015,0.456
UiO-66,10.1002anie.201502094.isotherm2,Nitrogen,77,mmol/g,1.0,10.1002/anie.201502094,2015,0.461
UiO-66,10.1016j.jhazmat.2014.10.002.isotherm1,Nitrogen,77,cm3(STP)/g,0.045,10.1016/j.jhazmat.2014.10.002,2015,0.465
UiO-66,10.1016j.micromeso.2013.02.025.isotherm7,Nitrogen,77,cm3(STP)/g,0.045,10.1016/j.micromeso.2013.02.025,2013,0.471
UiO-66,10.1021am303089g.isotherm1,Nitrogen,77,mmol/g,1.0,10.1021/Am303089g,2013,0.487
UiO-66,10.1021la302869m.isotherm3,Nitrogen,77,cm3(STP)/g,0.045,10.1021/La302869m,2012,0.495
UiO-66,10.1021acs.iecr.5b03517.isotherm1,Nitrogen,77,cm3(STP)/g,0.045,10.1021/acs.iecr.5b03517,2015,0.53
UiO-66,10.1016j.chroma.2014.10.036.isotherm1,Nitrogen,77,cm3(STP)/g,0.045,10.1016/j.chroma.2014.10.036,2014,0.542
UiO-66,10.1039c4cp04162c.isotherm1,Nitrogen,77,cm3(STP)/g,0.045,10.1039/c4cp04162c,2015,0.565
UiO-66,10.1039c3ta13114a.isotherm1,Nitrogen,77,cm3(STP)/g,0.045,10.1039/C3ta13114a,2013,0.588
UiO-66,10.1039c4ce00321g.isotherm14,Nitrogen,77,cm3(STP)/g,0.045,10.1039/C4ce00321g,2014,0.67
UiO-66,10.1002chem.201503078.isotherm3,Nitrogen,77,cm3(STP)/g,0.045,10.1002/chem.201503078,2015,0.743
UiO-66,10.1039c1cp23434j.isotherm2,Nitrogen,77,mmol/g,1.0,10.1039/C1cp23434j,2012,10.742
ZIF-8,10.1021ja909263x.isotherm1,Nitrogen,77,cm3(STP)/g,0.045,10.1021/Ja909263x,2010,0.104
ZIF-8,10.1002anie.201104383.isotherm5,Nitrogen,77,cm3(STP)/g,0.045,10.1002/anie.201104383,2011,0.39
ZIF-8,10.1016s1872206714602928.isotherm2,Nitrogen,77,ml/g,0.045,10.1016/s1872-2067(14)60292-8,2015,0.458
ZIF-8,10.1016j.micromeso.2012.11.012.isotherm1,Nitrogen,77,cm3(STP)/g,0.045,10.1016/j.micromeso.2012.11.012,2013,0.462
ZIF-8,10.1039c3ta12433a.isotherm1,Nitrogen,77,cm3(STP)/g,0.045,10.1039/C3ta12433a,2013,0.51
ZIF-8,10.1039c0cc02271c.isotherm1,Nitrogen,77,cm3(STP)/g,0.045,10.1039/C0cc02271c,2011,0.54
ZIF-8,10.108000958972.2013.797966.isotherm1,Nitrogen,77,cm3(STP)/g,0.045,10.1080/00958972.2013.797966,2013,0.552
ZIF-8,10.1016j.ultsonch.2017.04.030.isotherm2,Nitrogen,77,cm3(STP)/g,0.045,10.1016/j.ultsonch.2017.04.030,2017,0.576
ZIF-8,10.1039c1jm13343h.isotherm1,Argon,87,cm3(STP)/g,,10.1039/C1jm13343h,2012,0.587
ZIF-8,10.1039c2dt31779f.isotherm1,Nitrogen,77,cm3(STP)/g,0.045,10.1039/C2dt31779f,2012,0.603
ZIF-8,10.1002anie.201406011.isotherm1,Nitrogen,77,cm3(STP)/g,0.045,10.1002/anie.201406011,2014,0.604
ZIF-8,10.1016j.memsci.2014.11.038.isotherm1,Nitrogen,77,cm3(STP)/g,0.045,10.1016/j.memsci.2014.11.038,2015,0.634
ZIF-8,10.1016j.memsci.2014.11.038.isotherm2,Nitrogen,77,cm3(STP)/g,0.045,10.1016/j.memsci.2014.11.038,2015,0.634
ZIF-8,10.1039c1ce05780d.isotherm2,Nitrogen,77,cm3(STP)/g,0.045,10.1039/C1ce05780d,2011,0.636
ZIF-8,10.1039c2cc34893d.isotherm5,Nitrogen,77,cm3(STP)/g,0.045,10.1039/C2cc34893d,2012,0.642
ZIF-8,10.1016j.micromeso.2008.11.020.isotherm8,Nitrogen,77,cm3(STP)/g,0.045,10.1016/j.micromeso.2008.11.020,2009,0.644
ZIF-8,10.1007s12274-014-0501-4.isotherm2,Nitrogen,77,cm3(STP)/g,0.045,10.1007/s12274-014-0501-4,2014,0.662
ZIF-8,10.1021la401471g.isotherm3,Nitrogen,77,cm3(STP)/g,0.045,10.1021/La401471g,2013,0.665
ZIF-8,10.1002chem.201301461.isotherm1,Nitrogen,77,cm3(STP)/g,0.045,10.1002/chem.201301461,2013,0.668
ZIF-8,10.1016j.micromeso.2012.03.052.isotherm3,Nitrogen,77,cm3(STP)/g,0.045,10.1016/j.micromeso.2012.03.052,2012,0.669
ZIF-8,10.1021cm3006953.isotherm14,Nitrogen,77,cm3(STP)/g,0.045,10.1021/Cm3006953,2012,0.669
ZIF-8,10.1016j.powtec.2013.09.013.isotherm1,Nitrogen,77,ml/g,0.045,10.1016/j.powtec.2013.09.013,2014,0.675
ZIF-8,10.1016j.molcata.2013.12.005.isotherm3,Nitrogen,77,cm3(STP)/g,0.045,10.1016/j.molcata.2013.12.005,2014,0.683
ZIF-8,10.1021ie400380w.isotherm3,Nitrogen,77,mmol/g,1.0,10.1021/ie400380w,2013,0.686
ZIF-8,10.1371journal.pone.0128436.isotherm1,Nitrogen,77,cm3(STP)/g,0.045,10.1371/journal.pone.0128436,2015,0.693
ZIF-8,10.1039c6en00246c.isotherm1,Nitrogen,77,cm3(STP)/g,0.045,10.1039/c6en00246c,2016,0.7
ZIF-8,10.1039c4ee01009d.isotherm6,Nitrogen,77,cm3(STP)/g,0.045,10.1039/C4ee01009d,2014,0.71
ZIF-8,10.1021cm503640c.isotherm1,Argon,87,cm3(STP)/g,,10.1021/cm503640c,2015,0.712
ZIF-8,10.1246cl.150217.isotherm1,Nitrogen,77,cm3(STP)/g,0.045,10.1246/cl.150217,2015,0.713
ZIF-8,10.1016j.jssc.2014.06.017.isotherm1,Nitrogen,77,cm3(STP)/g,0.045,10.1016/j.jssc.2014.06.017,2015,0.733
ZIF-8,10.1039c2jm15685g.isotherm1,Nitrogen,77,cm3(STP)/g,0.045,10.1039/C2jm15685g,2012,0.751
ZIF-8,10.1016j.seppur.2015.10.037.isotherm1,Nitrogen,77,cm3(STP)/g,0.045,10.1016/j.seppur.2015.10.037,2015,0.763
ZIF-8,10.1039c5ra01183c.isotherm6,Nitrogen,77,cm3(STP)/g,0.045,10.1039/c5ra01183c,2015,0.808
ZIF-8,10.1002aic.14525.isotherm1,Nitrogen,77,cm3(STP)/g,0.045,10.1002/Aic.14525,2014,0.833
ZIF-8,10.1016j.electacta.2014.11.093.isotherm1,Nitrogen,77,mmol/g,1.0,10.1016/j.electacta.2014.11.093,2015,1.111
Zn-MOF-74,10.1016j.ces.2010.10.002.isotherm4,Nitrogen,77,cm3(STP)/g,0.045,10.1016/j.ces.2010.10.002,2011,0.269
Zn-MOF-74,10.1016j.micromeso.2014.02.021.isotherm3,Nitrogen,77,cm3(STP)/g,0.045,10.1016/j.micromeso.2014.02.021,2014,0.345
Zn-MOF-74,10.1021acs.accounts.5b00349.isotherm1,Nitrogen,77,cm3(STP)/g,0.045,10.1021/acs.accounts.5b00349,2015,0.354
Zn-MOF-74,10.1016j.micromeso.2014.02.028.isotherm3,Nitrogen,77,cm3(STP)/g,0.045,10.1016/j.micromeso.2014.02.028,2014,0.402
Zn-MOF-74,10.1016j.ijhydene.2011.04.008.isotherm1,Nitrogen,77,cm3(STP)/g,0.045,10.1016/j.ijhydene.2011.04.008,2012,0.42
Zn-MOF-74,10.1016j.poly.2015.01.031.isotherm3,Nitrogen,77,cm3(STP)/g,0.045,10.1016/j.poly.2015.01.031,2015,0.433
Zn-MOF-74,10.1021cg500190h.isotherm5,Nitrogen,77,cm3(STP)/g,0.045,10.1021/Cg500190h,2014,0.454
Zn-MOF-74,10.1002cctc.201402927.isotherm2,Nitrogen,77,cm3(STP)/g,0.045,10.1002/cctc.201402927,2015,0.514
Zn-MOF-74,10.1166jnn.2014.8621.isotherm1,Nitrogen,77,cm3(STP)/g,0.045,10.1166/jnn.2014.8621,2014,0.778
